starttime	seconds	ctime	dtime	ttime	wait
Wed May 15 23:36:20 2013	1368660980	1	56	57	56
Wed May 15 23:36:20 2013	1368660980	1	56	57	56
Wed May 15 23:36:20 2013	1368660980	1	56	57	56
Wed May 15 23:36:20 2013	1368660980	1	56	57	56
Wed May 15 23:36:20 2013	1368660980	1	56	57	56
Wed May 15 23:36:20 2013	1368660980	1	56	57	56
Wed May 15 23:36:20 2013	1368660980	1	56	57	56
Wed May 15 23:36:20 2013	1368660980	1	57	57	57
Wed May 15 23:36:20 2013	1368660980	1	57	58	56
Wed May 15 23:36:20 2013	1368660980	1	56	58	56
Wed May 15 23:36:20 2013	1368660980	1	57	58	57
Wed May 15 23:36:20 2013	1368660980	1	57	58	57
Wed May 15 23:36:20 2013	1368660980	1	57	58	57
Wed May 15 23:36:20 2013	1368660980	1	57	58	57
Wed May 15 23:36:20 2013	1368660980	1	58	59	58
Wed May 15 23:36:20 2013	1368660980	1	58	59	58
Wed May 15 23:36:20 2013	1368660980	1	58	59	58
Wed May 15 23:36:20 2013	1368660980	1	58	59	58
Wed May 15 23:36:20 2013	1368660980	1	58	59	58
Wed May 15 23:36:20 2013	1368660980	1	58	59	58
Wed May 15 23:36:20 2013	1368660980	1	58	59	58
Wed May 15 23:36:20 2013	1368660980	1	59	59	59
Wed May 15 23:36:20 2013	1368660980	1	59	60	59
Wed May 15 23:36:20 2013	1368660980	1	59	60	59
Wed May 15 23:36:20 2013	1368660980	1	59	60	59
Wed May 15 23:36:20 2013	1368660980	1	59	60	59
Wed May 15 23:36:20 2013	1368660980	1	59	60	59
Wed May 15 23:36:19 2013	1368660979	6	54	61	54
Wed May 15 23:36:19 2013	1368660979	7	54	61	52
Wed May 15 23:36:19 2013	1368660979	7	54	61	54
Wed May 15 23:36:19 2013	1368660979	6	55	62	55
Wed May 15 23:36:19 2013	1368660979	7	55	62	55
Wed May 15 23:36:20 2013	1368660980	1	61	62	61
Wed May 15 23:36:19 2013	1368660979	7	56	63	56
Wed May 15 23:36:20 2013	1368660980	1	62	63	62
Wed May 15 23:36:20 2013	1368660980	1	62	63	62
Wed May 15 23:36:20 2013	1368660980	1	62	63	61
Wed May 15 23:36:20 2013	1368660980	1	62	63	62
Wed May 15 23:36:20 2013	1368660980	1	62	63	62
Wed May 15 23:36:19 2013	1368660979	7	56	63	56
Wed May 15 23:36:20 2013	1368660980	1	62	63	62
Wed May 15 23:36:20 2013	1368660980	1	63	64	63
Wed May 15 23:36:20 2013	1368660980	1	62	64	62
Wed May 15 23:36:20 2013	1368660980	1	63	64	63
Wed May 15 23:36:19 2013	1368660979	7	57	64	57
Wed May 15 23:36:19 2013	1368660979	6	58	64	58
Wed May 15 23:36:20 2013	1368660980	1	63	64	63
Wed May 15 23:36:20 2013	1368660980	1	63	64	63
Wed May 15 23:36:20 2013	1368660980	1	63	64	63
Wed May 15 23:36:20 2013	1368660980	1	63	64	63
Wed May 15 23:36:20 2013	1368660980	1	63	65	63
Wed May 15 23:36:20 2013	1368660980	1	64	65	64
Wed May 15 23:36:19 2013	1368660979	7	58	65	58
Wed May 15 23:36:20 2013	1368660980	1	64	65	64
Wed May 15 23:36:20 2013	1368660980	1	64	65	64
Wed May 15 23:36:20 2013	1368660980	1	64	65	64
Wed May 15 23:36:20 2013	1368660980	1	64	65	64
Wed May 15 23:36:19 2013	1368660979	7	59	65	58
Wed May 15 23:36:20 2013	1368660980	1	65	66	65
Wed May 15 23:36:20 2013	1368660980	1	65	66	65
Wed May 15 23:36:20 2013	1368660980	1	65	66	65
Wed May 15 23:36:19 2013	1368660979	7	59	66	59
Wed May 15 23:36:20 2013	1368660980	1	65	66	65
Wed May 15 23:36:20 2013	1368660980	1	65	66	65
Wed May 15 23:36:20 2013	1368660980	1	65	66	65
Wed May 15 23:36:19 2013	1368660979	6	60	66	59
Wed May 15 23:36:20 2013	1368660980	1	65	66	65
Wed May 15 23:36:20 2013	1368660980	1	66	67	66
Wed May 15 23:36:20 2013	1368660980	1	66	67	66
Wed May 15 23:36:20 2013	1368660980	1	66	67	66
Wed May 15 23:36:19 2013	1368660979	7	60	67	60
Wed May 15 23:36:20 2013	1368660980	1	66	67	66
Wed May 15 23:36:19 2013	1368660979	6	61	67	61
Wed May 15 23:36:20 2013	1368660980	1	66	67	66
Wed May 15 23:36:19 2013	1368660979	6	61	67	61
Wed May 15 23:36:20 2013	1368660980	1	66	67	66
Wed May 15 23:36:20 2013	1368660980	1	66	68	66
Wed May 15 23:36:19 2013	1368660979	6	61	68	61
Wed May 15 23:36:20 2013	1368660980	1	67	68	67
Wed May 15 23:36:20 2013	1368660980	1	67	68	67
Wed May 15 23:36:20 2013	1368660980	1	67	68	67
Wed May 15 23:36:20 2013	1368660980	1	67	68	67
Wed May 15 23:36:19 2013	1368660979	6	62	68	62
Wed May 15 23:36:20 2013	1368660980	1	68	69	67
Wed May 15 23:36:19 2013	1368660979	6	62	69	62
Wed May 15 23:36:20 2013	1368660980	1	68	69	68
Wed May 15 23:36:20 2013	1368660980	1	68	69	68
Wed May 15 23:36:20 2013	1368660980	1	67	69	67
Wed May 15 23:36:20 2013	1368660980	1	68	69	68
Wed May 15 23:36:20 2013	1368660980	1	68	69	68
Wed May 15 23:36:19 2013	1368660979	7	63	69	62
Wed May 15 23:36:20 2013	1368660980	1	69	70	69
Wed May 15 23:36:20 2013	1368660980	1	68	70	68
Wed May 15 23:36:20 2013	1368660980	1	69	70	68
Wed May 15 23:36:19 2013	1368660979	6	63	70	63
Wed May 15 23:36:20 2013	1368660980	1	69	70	68
Wed May 15 23:36:20 2013	1368660980	1	69	70	68
Wed May 15 23:36:20 2013	1368660980	1	69	70	69
Wed May 15 23:36:20 2013	1368660980	1	69	70	69
Wed May 15 23:36:20 2013	1368660980	1	69	70	68
Wed May 15 23:36:20 2013	1368660980	1	69	70	69
Wed May 15 23:36:20 2013	1368660980	1	69	70	69
Wed May 15 23:36:20 2013	1368660980	1	69	70	69
Wed May 15 23:36:20 2013	1368660980	1	69	70	69
Wed May 15 23:36:20 2013	1368660980	1	69	70	69
Wed May 15 23:36:20 2013	1368660980	1	69	70	69
Wed May 15 23:36:19 2013	1368660979	6	64	70	64
Wed May 15 23:36:20 2013	1368660980	1	69	70	69
Wed May 15 23:36:20 2013	1368660980	1	69	70	69
Wed May 15 23:36:20 2013	1368660980	1	69	70	69
Wed May 15 23:36:20 2013	1368660980	1	69	70	69
Wed May 15 23:36:20 2013	1368660980	1	69	70	69
Wed May 15 23:36:20 2013	1368660980	1	69	70	69
Wed May 15 23:36:20 2013	1368660980	1	69	70	69
Wed May 15 23:36:20 2013	1368660980	1	69	70	69
Wed May 15 23:36:20 2013	1368660980	1	69	70	69
Wed May 15 23:36:20 2013	1368660980	1	69	70	69
Wed May 15 23:36:20 2013	1368660980	1	69	70	69
Wed May 15 23:36:20 2013	1368660980	1	69	70	69
Wed May 15 23:36:20 2013	1368660980	1	69	70	69
Wed May 15 23:36:20 2013	1368660980	1	69	70	69
Wed May 15 23:36:20 2013	1368660980	1	69	70	68
Wed May 15 23:36:20 2013	1368660980	1	69	70	69
Wed May 15 23:36:20 2013	1368660980	1	69	70	69
Wed May 15 23:36:20 2013	1368660980	1	69	70	69
Wed May 15 23:36:20 2013	1368660980	1	69	70	69
Wed May 15 23:36:20 2013	1368660980	1	69	70	69
Wed May 15 23:36:20 2013	1368660980	1	69	70	69
Wed May 15 23:36:20 2013	1368660980	1	69	70	69
Wed May 15 23:36:20 2013	1368660980	1	69	70	69
Wed May 15 23:36:20 2013	1368660980	1	69	70	68
Wed May 15 23:36:20 2013	1368660980	1	69	70	69
Wed May 15 23:36:20 2013	1368660980	1	69	70	69
Wed May 15 23:36:20 2013	1368660980	1	69	70	69
Wed May 15 23:36:20 2013	1368660980	1	69	70	69
Wed May 15 23:36:20 2013	1368660980	1	69	70	69
Wed May 15 23:36:20 2013	1368660980	1	69	70	69
Wed May 15 23:36:20 2013	1368660980	1	69	70	69
Wed May 15 23:36:20 2013	1368660980	1	69	70	69
Wed May 15 23:36:20 2013	1368660980	1	69	70	69
Wed May 15 23:36:20 2013	1368660980	1	69	70	69
Wed May 15 23:36:20 2013	1368660980	1	69	70	69
Wed May 15 23:36:20 2013	1368660980	1	69	70	69
Wed May 15 23:36:20 2013	1368660980	1	69	70	69
Wed May 15 23:36:20 2013	1368660980	1	69	70	69
Wed May 15 23:36:20 2013	1368660980	1	69	70	69
Wed May 15 23:36:20 2013	1368660980	1	69	70	69
Wed May 15 23:36:20 2013	1368660980	1	69	70	69
Wed May 15 23:36:20 2013	1368660980	1	69	70	69
Wed May 15 23:36:20 2013	1368660980	1	69	70	69
Wed May 15 23:36:20 2013	1368660980	1	69	70	69
Wed May 15 23:36:20 2013	1368660980	1	69	70	69
Wed May 15 23:36:20 2013	1368660980	1	69	70	69
Wed May 15 23:36:20 2013	1368660980	1	69	70	69
Wed May 15 23:36:20 2013	1368660980	1	69	70	69
Wed May 15 23:36:20 2013	1368660980	1	69	70	69
Wed May 15 23:36:20 2013	1368660980	1	69	70	69
Wed May 15 23:36:20 2013	1368660980	1	69	70	69
Wed May 15 23:36:20 2013	1368660980	1	69	70	69
Wed May 15 23:36:20 2013	1368660980	1	70	70	69
Wed May 15 23:36:20 2013	1368660980	1	70	71	69
Wed May 15 23:36:20 2013	1368660980	1	69	71	69
Wed May 15 23:36:20 2013	1368660980	1	69	71	69
Wed May 15 23:36:20 2013	1368660980	1	70	71	69
Wed May 15 23:36:20 2013	1368660980	1	69	71	69
Wed May 15 23:36:20 2013	1368660980	1	70	71	69
Wed May 15 23:36:20 2013	1368660980	1	69	71	69
Wed May 15 23:36:20 2013	1368660980	1	69	71	69
Wed May 15 23:36:20 2013	1368660980	1	69	71	69
Wed May 15 23:36:20 2013	1368660980	1	70	71	69
Wed May 15 23:36:20 2013	1368660980	1	69	71	69
Wed May 15 23:36:20 2013	1368660980	1	69	71	69
Wed May 15 23:36:20 2013	1368660980	1	70	71	70
Wed May 15 23:36:19 2013	1368660979	1	70	71	70
Wed May 15 23:36:20 2013	1368660980	1	70	71	69
Wed May 15 23:36:20 2013	1368660980	1	70	71	70
Wed May 15 23:36:20 2013	1368660980	1	70	71	69
Wed May 15 23:36:20 2013	1368660980	1	70	71	70
Wed May 15 23:36:20 2013	1368660980	1	70	71	70
Wed May 15 23:36:20 2013	1368660980	1	70	71	70
Wed May 15 23:36:20 2013	1368660980	1	70	71	70
Wed May 15 23:36:19 2013	1368660979	1	70	71	70
Wed May 15 23:36:19 2013	1368660979	1	70	71	70
Wed May 15 23:36:20 2013	1368660980	1	70	71	70
Wed May 15 23:36:20 2013	1368660980	1	70	71	70
Wed May 15 23:36:20 2013	1368660980	1	70	71	70
Wed May 15 23:36:19 2013	1368660979	1	70	71	70
Wed May 15 23:36:19 2013	1368660979	1	70	72	70
Wed May 15 23:36:19 2013	1368660979	1	70	72	70
Wed May 15 23:36:20 2013	1368660980	1	71	72	71
Wed May 15 23:36:20 2013	1368660980	1	71	72	71
Wed May 15 23:36:20 2013	1368660980	1	71	72	70
Wed May 15 23:36:20 2013	1368660980	1	71	72	71
Wed May 15 23:36:20 2013	1368660980	1	70	72	70
Wed May 15 23:36:19 2013	1368660979	1	71	72	70
Wed May 15 23:36:19 2013	1368660979	1	71	72	71
Wed May 15 23:36:20 2013	1368660980	1	71	72	71
Wed May 15 23:36:20 2013	1368660980	1	70	72	70
Wed May 15 23:36:20 2013	1368660980	1	71	72	71
Wed May 15 23:36:20 2013	1368660980	1	71	72	71
Wed May 15 23:36:19 2013	1368660979	1	71	72	71
Wed May 15 23:36:19 2013	1368660979	1	71	72	70
Wed May 15 23:36:20 2013	1368660980	1	71	72	71
Wed May 15 23:36:20 2013	1368660980	1	71	72	71
Wed May 15 23:36:20 2013	1368660980	1	71	72	71
Wed May 15 23:36:19 2013	1368660979	1	71	72	70
Wed May 15 23:36:19 2013	1368660979	1	71	72	71
Wed May 15 23:36:20 2013	1368660980	1	71	72	71
Wed May 15 23:36:20 2013	1368660980	1	71	72	70
Wed May 15 23:36:20 2013	1368660980	1	71	72	70
Wed May 15 23:36:20 2013	1368660980	1	71	72	71
Wed May 15 23:36:20 2013	1368660980	1	71	72	71
Wed May 15 23:36:20 2013	1368660980	1	71	72	71
Wed May 15 23:36:20 2013	1368660980	1	71	72	71
Wed May 15 23:36:20 2013	1368660980	1	71	72	71
Wed May 15 23:36:20 2013	1368660980	1	71	72	70
Wed May 15 23:36:20 2013	1368660980	1	71	72	70
Wed May 15 23:36:20 2013	1368660980	1	71	72	70
Wed May 15 23:36:20 2013	1368660980	1	71	72	70
Wed May 15 23:36:20 2013	1368660980	1	71	72	71
Wed May 15 23:36:20 2013	1368660980	1	71	72	71
Wed May 15 23:36:20 2013	1368660980	1	71	72	71
Wed May 15 23:36:20 2013	1368660980	1	71	72	71
Wed May 15 23:36:19 2013	1368660979	1	71	72	71
Wed May 15 23:36:20 2013	1368660980	1	71	72	71
Wed May 15 23:36:20 2013	1368660980	1	71	72	71
Wed May 15 23:36:20 2013	1368660980	1	71	72	71
Wed May 15 23:36:20 2013	1368660980	1	71	72	71
Wed May 15 23:36:19 2013	1368660979	1	71	72	71
Wed May 15 23:36:20 2013	1368660980	1	71	72	71
Wed May 15 23:36:20 2013	1368660980	1	71	72	71
Wed May 15 23:36:20 2013	1368660980	1	71	72	70
Wed May 15 23:36:19 2013	1368660979	1	71	72	71
Wed May 15 23:36:20 2013	1368660980	1	71	72	70
Wed May 15 23:36:20 2013	1368660980	1	71	72	71
Wed May 15 23:36:19 2013	1368660979	1	71	72	71
Wed May 15 23:36:20 2013	1368660980	1	71	72	71
Wed May 15 23:36:20 2013	1368660980	1	71	72	71
Wed May 15 23:36:20 2013	1368660980	1	71	72	70
Wed May 15 23:36:19 2013	1368660979	1	71	72	70
Wed May 15 23:36:20 2013	1368660980	1	71	72	71
Wed May 15 23:36:19 2013	1368660979	1	71	72	71
Wed May 15 23:36:20 2013	1368660980	1	71	72	71
Wed May 15 23:36:20 2013	1368660980	1	71	72	71
Wed May 15 23:36:20 2013	1368660980	1	71	72	71
Wed May 15 23:36:20 2013	1368660980	1	71	72	71
Wed May 15 23:36:20 2013	1368660980	1	71	72	71
Wed May 15 23:36:20 2013	1368660980	1	71	72	71
Wed May 15 23:36:20 2013	1368660980	1	71	72	71
Wed May 15 23:36:20 2013	1368660980	1	71	72	71
Wed May 15 23:36:20 2013	1368660980	1	71	72	71
Wed May 15 23:36:20 2013	1368660980	1	71	72	71
Wed May 15 23:36:20 2013	1368660980	1	71	72	71
Wed May 15 23:36:20 2013	1368660980	1	71	72	71
Wed May 15 23:36:20 2013	1368660980	1	71	72	71
Wed May 15 23:36:20 2013	1368660980	1	71	72	71
Wed May 15 23:36:20 2013	1368660980	1	71	72	71
Wed May 15 23:36:19 2013	1368660979	1	71	72	71
Wed May 15 23:36:19 2013	1368660979	1	71	72	70
Wed May 15 23:36:20 2013	1368660980	1	71	72	71
Wed May 15 23:36:20 2013	1368660980	1	71	72	71
Wed May 15 23:36:20 2013	1368660980	1	71	72	71
Wed May 15 23:36:20 2013	1368660980	1	71	72	71
Wed May 15 23:36:19 2013	1368660979	1	71	72	71
Wed May 15 23:36:20 2013	1368660980	1	71	72	71
Wed May 15 23:36:20 2013	1368660980	1	71	72	71
Wed May 15 23:36:20 2013	1368660980	1	71	72	71
Wed May 15 23:36:20 2013	1368660980	1	71	72	71
Wed May 15 23:36:20 2013	1368660980	1	71	72	71
Wed May 15 23:36:20 2013	1368660980	1	71	72	71
Wed May 15 23:36:20 2013	1368660980	1	71	72	71
Wed May 15 23:36:20 2013	1368660980	1	72	72	72
Wed May 15 23:36:20 2013	1368660980	1	71	72	71
Wed May 15 23:36:20 2013	1368660980	1	72	72	71
Wed May 15 23:36:20 2013	1368660980	1	71	72	71
Wed May 15 23:36:20 2013	1368660980	1	71	72	71
Wed May 15 23:36:20 2013	1368660980	1	71	72	71
Wed May 15 23:36:20 2013	1368660980	1	71	72	71
Wed May 15 23:36:20 2013	1368660980	1	72	72	71
Wed May 15 23:36:20 2013	1368660980	1	71	72	71
Wed May 15 23:36:20 2013	1368660980	1	71	72	71
Wed May 15 23:36:19 2013	1368660979	1	72	72	71
Wed May 15 23:36:20 2013	1368660980	1	72	72	72
Wed May 15 23:36:20 2013	1368660980	1	72	72	71
Wed May 15 23:36:20 2013	1368660980	1	71	73	71
Wed May 15 23:36:20 2013	1368660980	1	71	73	71
Wed May 15 23:36:20 2013	1368660980	1	71	73	71
Wed May 15 23:36:20 2013	1368660980	1	71	73	71
Wed May 15 23:36:20 2013	1368660980	1	72	73	71
Wed May 15 23:36:20 2013	1368660980	1	71	73	71
Wed May 15 23:36:20 2013	1368660980	1	71	73	71
Wed May 15 23:36:20 2013	1368660980	1	71	73	71
Wed May 15 23:36:20 2013	1368660980	1	72	73	71
Wed May 15 23:36:20 2013	1368660980	1	72	73	72
Wed May 15 23:36:20 2013	1368660980	1	72	73	72
Wed May 15 23:36:20 2013	1368660980	1	71	73	71
Wed May 15 23:36:20 2013	1368660980	1	71	73	71
Wed May 15 23:36:20 2013	1368660980	1	71	73	71
Wed May 15 23:36:20 2013	1368660980	1	71	73	71
Wed May 15 23:36:20 2013	1368660980	1	72	73	72
Wed May 15 23:36:20 2013	1368660980	1	71	73	71
Wed May 15 23:36:20 2013	1368660980	1	71	73	71
Wed May 15 23:36:20 2013	1368660980	1	72	73	71
Wed May 15 23:36:20 2013	1368660980	1	71	73	71
Wed May 15 23:36:20 2013	1368660980	1	71	73	71
Wed May 15 23:36:20 2013	1368660980	1	72	73	72
Wed May 15 23:36:20 2013	1368660980	1	71	73	71
Wed May 15 23:36:20 2013	1368660980	1	72	73	71
Wed May 15 23:36:20 2013	1368660980	1	71	73	71
Wed May 15 23:36:20 2013	1368660980	1	71	73	71
Wed May 15 23:36:20 2013	1368660980	1	72	73	72
Wed May 15 23:36:20 2013	1368660980	1	71	73	71
Wed May 15 23:36:20 2013	1368660980	1	72	73	71
Wed May 15 23:36:20 2013	1368660980	1	72	73	71
Wed May 15 23:36:20 2013	1368660980	1	72	73	71
Wed May 15 23:36:20 2013	1368660980	1	72	73	71
Wed May 15 23:36:20 2013	1368660980	1	72	73	71
Wed May 15 23:36:20 2013	1368660980	2	71	73	71
Wed May 15 23:36:20 2013	1368660980	1	71	73	71
Wed May 15 23:36:20 2013	1368660980	1	72	73	71
Wed May 15 23:36:20 2013	1368660980	1	71	73	71
Wed May 15 23:36:20 2013	1368660980	1	71	73	71
Wed May 15 23:36:20 2013	1368660980	1	72	73	71
Wed May 15 23:36:20 2013	1368660980	1	71	73	71
Wed May 15 23:36:20 2013	1368660980	1	72	73	72
Wed May 15 23:36:20 2013	1368660980	1	72	73	72
Wed May 15 23:36:20 2013	1368660980	1	72	73	72
Wed May 15 23:36:20 2013	1368660980	1	71	73	71
Wed May 15 23:36:20 2013	1368660980	1	72	73	71
Wed May 15 23:36:20 2013	1368660980	1	72	73	72
Wed May 15 23:36:20 2013	1368660980	1	72	73	72
Wed May 15 23:36:20 2013	1368660980	1	71	73	71
Wed May 15 23:36:20 2013	1368660980	1	72	73	71
Wed May 15 23:36:20 2013	1368660980	1	72	73	72
Wed May 15 23:36:20 2013	1368660980	1	72	73	72
Wed May 15 23:36:20 2013	1368660980	1	71	73	71
Wed May 15 23:36:20 2013	1368660980	1	72	73	72
Wed May 15 23:36:20 2013	1368660980	1	72	73	72
Wed May 15 23:36:20 2013	1368660980	1	72	73	72
Wed May 15 23:36:20 2013	1368660980	1	72	73	71
Wed May 15 23:36:20 2013	1368660980	1	72	73	72
Wed May 15 23:36:20 2013	1368660980	1	72	73	72
Wed May 15 23:36:20 2013	1368660980	1	72	73	72
Wed May 15 23:36:19 2013	1368660979	6	67	73	67
Wed May 15 23:36:20 2013	1368660980	1	72	73	72
Wed May 15 23:36:20 2013	1368660980	1	72	73	72
Wed May 15 23:36:20 2013	1368660980	1	72	73	72
Wed May 15 23:36:20 2013	1368660980	1	72	73	71
Wed May 15 23:36:20 2013	1368660980	1	72	73	72
Wed May 15 23:36:20 2013	1368660980	1	72	73	71
Wed May 15 23:36:20 2013	1368660980	1	72	73	72
Wed May 15 23:36:20 2013	1368660980	1	72	73	72
Wed May 15 23:36:20 2013	1368660980	1	72	73	72
Wed May 15 23:36:20 2013	1368660980	1	72	73	72
Wed May 15 23:36:20 2013	1368660980	1	72	73	71
Wed May 15 23:36:20 2013	1368660980	1	72	73	72
Wed May 15 23:36:20 2013	1368660980	1	72	73	71
Wed May 15 23:36:20 2013	1368660980	1	72	73	72
Wed May 15 23:36:20 2013	1368660980	1	72	73	72
Wed May 15 23:36:20 2013	1368660980	1	72	73	72
Wed May 15 23:36:20 2013	1368660980	1	72	73	72
Wed May 15 23:36:20 2013	1368660980	1	72	73	71
Wed May 15 23:36:20 2013	1368660980	1	72	73	72
Wed May 15 23:36:20 2013	1368660980	1	72	73	71
Wed May 15 23:36:20 2013	1368660980	1	72	73	71
Wed May 15 23:36:20 2013	1368660980	1	72	73	72
Wed May 15 23:36:20 2013	1368660980	1	72	73	72
Wed May 15 23:36:20 2013	1368660980	1	72	73	72
Wed May 15 23:36:20 2013	1368660980	1	72	73	72
Wed May 15 23:36:20 2013	1368660980	1	72	73	72
Wed May 15 23:36:20 2013	1368660980	1	72	73	72
Wed May 15 23:36:20 2013	1368660980	1	72	73	72
Wed May 15 23:36:20 2013	1368660980	1	72	73	71
Wed May 15 23:36:20 2013	1368660980	1	72	73	72
Wed May 15 23:36:20 2013	1368660980	1	72	73	72
Wed May 15 23:36:20 2013	1368660980	1	72	73	72
Wed May 15 23:36:20 2013	1368660980	1	72	73	72
Wed May 15 23:36:20 2013	1368660980	1	72	73	72
Wed May 15 23:36:20 2013	1368660980	1	72	73	72
Wed May 15 23:36:20 2013	1368660980	1	72	73	72
Wed May 15 23:36:20 2013	1368660980	1	72	73	72
Wed May 15 23:36:20 2013	1368660980	1	72	73	72
Wed May 15 23:36:20 2013	1368660980	1	72	73	72
Wed May 15 23:36:20 2013	1368660980	1	72	73	72
Wed May 15 23:36:20 2013	1368660980	1	72	73	72
Wed May 15 23:36:20 2013	1368660980	1	72	73	72
Wed May 15 23:36:20 2013	1368660980	2	72	73	71
Wed May 15 23:36:20 2013	1368660980	1	72	73	72
Wed May 15 23:36:20 2013	1368660980	1	72	73	72
Wed May 15 23:36:20 2013	1368660980	1	72	73	72
Wed May 15 23:36:20 2013	1368660980	1	72	73	72
Wed May 15 23:36:19 2013	1368660979	6	67	73	67
Wed May 15 23:36:20 2013	1368660980	1	72	73	72
Wed May 15 23:36:19 2013	1368660979	6	67	73	67
Wed May 15 23:36:20 2013	1368660980	1	72	73	72
Wed May 15 23:36:20 2013	1368660980	1	72	73	72
Wed May 15 23:36:20 2013	1368660980	1	72	73	72
Wed May 15 23:36:20 2013	1368660980	1	72	73	72
Wed May 15 23:36:20 2013	1368660980	1	72	73	72
Wed May 15 23:36:20 2013	1368660980	1	72	73	72
Wed May 15 23:36:20 2013	1368660980	1	72	73	72
Wed May 15 23:36:20 2013	1368660980	1	72	73	72
Wed May 15 23:36:20 2013	1368660980	1	72	73	72
Wed May 15 23:36:20 2013	1368660980	1	72	73	71
Wed May 15 23:36:20 2013	1368660980	1	72	73	71
Wed May 15 23:36:20 2013	1368660980	1	72	73	72
Wed May 15 23:36:20 2013	1368660980	1	72	73	72
Wed May 15 23:36:20 2013	1368660980	1	72	73	72
Wed May 15 23:36:20 2013	1368660980	1	72	73	72
Wed May 15 23:36:20 2013	1368660980	1	72	73	72
Wed May 15 23:36:20 2013	1368660980	1	72	73	72
Wed May 15 23:36:20 2013	1368660980	1	72	73	72
Wed May 15 23:36:20 2013	1368660980	1	72	73	71
Wed May 15 23:36:20 2013	1368660980	1	72	73	72
Wed May 15 23:36:20 2013	1368660980	1	72	73	71
Wed May 15 23:36:20 2013	1368660980	1	72	73	72
Wed May 15 23:36:20 2013	1368660980	1	72	73	72
Wed May 15 23:36:20 2013	1368660980	1	72	73	72
Wed May 15 23:36:20 2013	1368660980	1	73	73	72
Wed May 15 23:36:20 2013	1368660980	1	72	73	72
Wed May 15 23:36:20 2013	1368660980	1	72	73	72
Wed May 15 23:36:20 2013	1368660980	1	72	73	72
Wed May 15 23:36:20 2013	1368660980	1	72	74	72
Wed May 15 23:36:20 2013	1368660980	1	72	74	72
Wed May 15 23:36:20 2013	1368660980	1	72	74	72
Wed May 15 23:36:19 2013	1368660979	6	67	74	67
Wed May 15 23:36:19 2013	1368660979	6	68	74	68
Wed May 15 23:36:19 2013	1368660979	1	74	75	73
Wed May 15 23:36:19 2013	1368660979	1	74	75	74
Wed May 15 23:36:19 2013	1368660979	1	74	75	74
Wed May 15 23:36:19 2013	1368660979	1	74	75	73
Wed May 15 23:36:19 2013	1368660979	1	74	75	74
Wed May 15 23:36:19 2013	1368660979	1	74	75	74
Wed May 15 23:36:19 2013	1368660979	1	74	75	74
Wed May 15 23:36:19 2013	1368660979	1	74	75	74
Wed May 15 23:36:19 2013	1368660979	6	69	75	69
Wed May 15 23:36:19 2013	1368660979	1	74	75	73
Wed May 15 23:36:19 2013	1368660979	1	74	75	74
Wed May 15 23:36:19 2013	1368660979	1	74	75	74
Wed May 15 23:36:19 2013	1368660979	1	74	75	74
Wed May 15 23:36:19 2013	1368660979	1	74	75	74
Wed May 15 23:36:19 2013	1368660979	1	74	75	74
Wed May 15 23:36:19 2013	1368660979	1	74	75	74
Wed May 15 23:36:19 2013	1368660979	1	74	75	74
Wed May 15 23:36:19 2013	1368660979	1	74	75	74
Wed May 15 23:36:19 2013	1368660979	1	74	75	74
Wed May 15 23:36:19 2013	1368660979	7	69	75	68
Wed May 15 23:36:19 2013	1368660979	1	74	75	74
Wed May 15 23:36:19 2013	1368660979	1	74	75	74
Wed May 15 23:36:19 2013	1368660979	1	74	75	74
Wed May 15 23:36:19 2013	1368660979	6	69	75	69
Wed May 15 23:36:19 2013	1368660979	1	74	75	74
Wed May 15 23:36:19 2013	1368660979	2	74	75	74
Wed May 15 23:36:19 2013	1368660979	1	74	75	74
Wed May 15 23:36:19 2013	1368660979	1	74	75	74
Wed May 15 23:36:19 2013	1368660979	1	74	75	74
Wed May 15 23:36:19 2013	1368660979	1	74	75	74
Wed May 15 23:36:19 2013	1368660979	1	74	75	74
Wed May 15 23:36:19 2013	1368660979	1	74	75	74
Wed May 15 23:36:19 2013	1368660979	1	74	75	74
Wed May 15 23:36:19 2013	1368660979	1	75	75	74
Wed May 15 23:36:19 2013	1368660979	1	74	75	74
Wed May 15 23:36:19 2013	1368660979	1	74	75	74
Wed May 15 23:36:19 2013	1368660979	1	75	75	74
Wed May 15 23:36:19 2013	1368660979	1	74	76	74
Wed May 15 23:36:19 2013	1368660979	1	75	76	74
Wed May 15 23:36:19 2013	1368660979	1	74	76	74
Wed May 15 23:36:19 2013	1368660979	1	74	76	74
Wed May 15 23:36:19 2013	1368660979	1	75	76	75
Wed May 15 23:36:19 2013	1368660979	1	75	76	75
Wed May 15 23:36:19 2013	1368660979	1	75	76	75
Wed May 15 23:36:19 2013	1368660979	1	75	76	75
Wed May 15 23:36:19 2013	1368660979	1	75	76	74
Wed May 15 23:36:19 2013	1368660979	1	74	76	74
Wed May 15 23:36:19 2013	1368660979	1	75	76	75
Wed May 15 23:36:19 2013	1368660979	1	75	76	75
Wed May 15 23:36:19 2013	1368660979	1	75	76	75
Wed May 15 23:36:19 2013	1368660979	1	75	76	74
Wed May 15 23:36:19 2013	1368660979	1	75	76	74
Wed May 15 23:36:19 2013	1368660979	1	75	76	75
Wed May 15 23:36:19 2013	1368660979	1	74	76	74
Wed May 15 23:36:19 2013	1368660979	1	75	76	74
Wed May 15 23:36:19 2013	1368660979	1	75	76	75
Wed May 15 23:36:19 2013	1368660979	1	75	76	75
Wed May 15 23:36:19 2013	1368660979	1	75	76	75
Wed May 15 23:36:19 2013	1368660979	1	75	76	75
Wed May 15 23:36:19 2013	1368660979	1	75	76	74
Wed May 15 23:36:19 2013	1368660979	1	75	76	75
Wed May 15 23:36:19 2013	1368660979	1	75	76	74
Wed May 15 23:36:19 2013	1368660979	1	75	76	75
Wed May 15 23:36:19 2013	1368660979	1	75	76	75
Wed May 15 23:36:19 2013	1368660979	1	75	76	74
Wed May 15 23:36:19 2013	1368660979	1	75	76	74
Wed May 15 23:36:19 2013	1368660979	1	75	76	75
Wed May 15 23:36:19 2013	1368660979	1	75	76	74
Wed May 15 23:36:19 2013	1368660979	1	75	76	75
Wed May 15 23:36:19 2013	1368660979	1	75	76	75
Wed May 15 23:36:19 2013	1368660979	1	75	76	74
Wed May 15 23:36:19 2013	1368660979	1	75	76	75
Wed May 15 23:36:19 2013	1368660979	1	75	76	75
Wed May 15 23:36:19 2013	1368660979	1	75	76	75
Wed May 15 23:36:19 2013	1368660979	1	75	76	74
Wed May 15 23:36:19 2013	1368660979	1	75	76	75
Wed May 15 23:36:19 2013	1368660979	1	75	76	75
Wed May 15 23:36:19 2013	1368660979	1	75	76	75
Wed May 15 23:36:19 2013	1368660979	1	75	76	75
Wed May 15 23:36:19 2013	1368660979	1	75	76	75
Wed May 15 23:36:19 2013	1368660979	1	75	76	75
Wed May 15 23:36:19 2013	1368660979	1	75	76	75
Wed May 15 23:36:19 2013	1368660979	1	75	76	75
Wed May 15 23:36:19 2013	1368660979	1	75	76	75
Wed May 15 23:36:19 2013	1368660979	1	75	76	75
Wed May 15 23:36:19 2013	1368660979	1	75	76	75
Wed May 15 23:36:19 2013	1368660979	1	75	76	75
Wed May 15 23:36:19 2013	1368660979	1	75	76	75
Wed May 15 23:36:19 2013	1368660979	1	75	76	75
Wed May 15 23:36:19 2013	1368660979	1	75	76	75
Wed May 15 23:36:19 2013	1368660979	1	75	76	75
Wed May 15 23:36:19 2013	1368660979	1	75	76	75
Wed May 15 23:36:19 2013	1368660979	1	75	76	75
Wed May 15 23:36:19 2013	1368660979	1	75	76	75
Wed May 15 23:36:19 2013	1368660979	1	75	76	75
Wed May 15 23:36:19 2013	1368660979	1	75	76	75
Wed May 15 23:36:19 2013	1368660979	1	75	76	75
Wed May 15 23:36:19 2013	1368660979	1	76	76	76
Wed May 15 23:36:19 2013	1368660979	1	75	77	75
Wed May 15 23:36:19 2013	1368660979	6	71	77	70
Wed May 15 23:36:19 2013	1368660979	1	75	77	75
Wed May 15 23:36:19 2013	1368660979	1	76	77	75
Wed May 15 23:36:19 2013	1368660979	1	75	77	75
Wed May 15 23:36:19 2013	1368660979	1	76	77	75
Wed May 15 23:36:19 2013	1368660979	1	75	77	75
Wed May 15 23:36:19 2013	1368660979	1	76	77	76
Wed May 15 23:36:19 2013	1368660979	1	76	77	76
Wed May 15 23:36:19 2013	1368660979	1	76	77	75
Wed May 15 23:36:19 2013	1368660979	1	76	77	76
Wed May 15 23:36:19 2013	1368660979	1	76	77	76
Wed May 15 23:36:19 2013	1368660979	1	76	77	76
Wed May 15 23:36:19 2013	1368660979	6	71	77	71
Wed May 15 23:36:19 2013	1368660979	1	76	77	76
Wed May 15 23:36:19 2013	1368660979	1	76	77	76
Wed May 15 23:36:19 2013	1368660979	1	76	77	76
Wed May 15 23:36:19 2013	1368660979	1	76	77	76
Wed May 15 23:36:19 2013	1368660979	1	76	77	73
Wed May 15 23:36:19 2013	1368660979	1	76	77	76
Wed May 15 23:36:19 2013	1368660979	1	76	77	76
Wed May 15 23:36:19 2013	1368660979	1	76	77	76
Wed May 15 23:36:19 2013	1368660979	1	76	77	76
Wed May 15 23:36:19 2013	1368660979	1	76	77	76
Wed May 15 23:36:19 2013	1368660979	1	76	77	76
Wed May 15 23:36:19 2013	1368660979	1	76	77	76
Wed May 15 23:36:19 2013	1368660979	1	76	77	76
Wed May 15 23:36:19 2013	1368660979	1	76	77	76
Wed May 15 23:36:19 2013	1368660979	1	76	77	76
Wed May 15 23:36:19 2013	1368660979	1	76	77	76
Wed May 15 23:36:19 2013	1368660979	1	76	77	76
Wed May 15 23:36:19 2013	1368660979	1	77	77	76
Wed May 15 23:36:19 2013	1368660979	1	76	77	76
Wed May 15 23:36:19 2013	1368660979	1	76	77	76
Wed May 15 23:36:19 2013	1368660979	1	77	77	76
Wed May 15 23:36:19 2013	1368660979	1	76	77	76
Wed May 15 23:36:19 2013	1368660979	1	76	77	76
Wed May 15 23:36:19 2013	1368660979	1	76	78	76
Wed May 15 23:36:19 2013	1368660979	1	76	78	76
Wed May 15 23:36:19 2013	1368660979	1	77	78	76
Wed May 15 23:36:19 2013	1368660979	1	77	78	76
Wed May 15 23:36:19 2013	1368660979	1	77	78	77
Wed May 15 23:36:19 2013	1368660979	1	76	78	76
Wed May 15 23:36:19 2013	1368660979	1	76	78	76
Wed May 15 23:36:19 2013	1368660979	1	77	78	76
Wed May 15 23:36:19 2013	1368660979	1	77	78	77
Wed May 15 23:36:19 2013	1368660979	1	77	78	76
Wed May 15 23:36:19 2013	1368660979	1	77	78	77
Wed May 15 23:36:19 2013	1368660979	1	77	78	76
Wed May 15 23:36:19 2013	1368660979	1	77	78	76
Wed May 15 23:36:19 2013	1368660979	1	77	78	77
Wed May 15 23:36:19 2013	1368660979	1	77	78	76
Wed May 15 23:36:19 2013	1368660979	1	77	78	76
Wed May 15 23:36:19 2013	1368660979	1	77	78	77
Wed May 15 23:36:19 2013	1368660979	1	77	78	76
Wed May 15 23:36:19 2013	1368660979	1	77	78	76
Wed May 15 23:36:19 2013	1368660979	1	77	78	77
Wed May 15 23:36:19 2013	1368660979	1	76	78	76
Wed May 15 23:36:19 2013	1368660979	1	76	78	76
Wed May 15 23:36:19 2013	1368660979	1	77	78	77
Wed May 15 23:36:19 2013	1368660979	1	77	78	77
Wed May 15 23:36:19 2013	1368660979	1	77	78	76
Wed May 15 23:36:19 2013	1368660979	1	77	78	77
Wed May 15 23:36:19 2013	1368660979	1	77	78	77
Wed May 15 23:36:19 2013	1368660979	1	77	78	77
Wed May 15 23:36:19 2013	1368660979	1	77	78	76
Wed May 15 23:36:19 2013	1368660979	1	77	78	76
Wed May 15 23:36:19 2013	1368660979	1	77	78	76
Wed May 15 23:36:19 2013	1368660979	1	77	78	76
Wed May 15 23:36:19 2013	1368660979	1	77	78	77
Wed May 15 23:36:19 2013	1368660979	1	77	78	77
Wed May 15 23:36:19 2013	1368660979	1	77	78	77
Wed May 15 23:36:19 2013	1368660979	1	77	78	77
Wed May 15 23:36:19 2013	1368660979	1	77	78	77
Wed May 15 23:36:19 2013	1368660979	1	77	78	76
Wed May 15 23:36:19 2013	1368660979	1	77	78	77
Wed May 15 23:36:19 2013	1368660979	1	77	78	77
Wed May 15 23:36:19 2013	1368660979	1	78	79	77
Wed May 15 23:36:19 2013	1368660979	1	78	79	78
Wed May 15 23:36:19 2013	1368660979	1	78	79	78
Wed May 15 23:36:19 2013	1368660979	1	78	79	78
Wed May 15 23:36:19 2013	1368660979	1	78	79	78
Wed May 15 23:36:19 2013	1368660979	1	78	79	78
Wed May 15 23:36:19 2013	1368660979	1	78	80	78
Wed May 15 23:36:19 2013	1368660979	1	79	80	78
Wed May 15 23:36:19 2013	1368660979	1	79	80	78
Wed May 15 23:36:19 2013	1368660979	6	74	80	73
Wed May 15 23:36:19 2013	1368660979	6	74	80	74
Wed May 15 23:36:19 2013	1368660979	6	74	80	74
Wed May 15 23:36:19 2013	1368660979	6	74	80	74
Wed May 15 23:36:19 2013	1368660979	1	79	80	79
Wed May 15 23:36:19 2013	1368660979	1	79	80	79
Wed May 15 23:36:19 2013	1368660979	1	79	80	79
Wed May 15 23:36:19 2013	1368660979	1	79	81	79
Wed May 15 23:36:19 2013	1368660979	1	79	81	79
Wed May 15 23:36:19 2013	1368660979	1	79	81	79
Wed May 15 23:36:19 2013	1368660979	1	79	81	79
Wed May 15 23:36:19 2013	1368660979	1	79	81	79
Wed May 15 23:36:19 2013	1368660979	1	80	81	80
Wed May 15 23:36:19 2013	1368660979	6	75	81	74
Wed May 15 23:36:19 2013	1368660979	1	80	81	79
Wed May 15 23:36:19 2013	1368660979	1	79	81	79
Wed May 15 23:36:19 2013	1368660979	1	79	81	79
Wed May 15 23:36:19 2013	1368660979	1	80	81	80
Wed May 15 23:36:19 2013	1368660979	1	80	81	80
Wed May 15 23:36:19 2013	1368660979	1	80	81	80
Wed May 15 23:36:19 2013	1368660979	6	75	81	75
Wed May 15 23:36:19 2013	1368660979	1	79	81	79
Wed May 15 23:36:19 2013	1368660979	1	80	81	80
Wed May 15 23:36:19 2013	1368660979	1	80	81	80
Wed May 15 23:36:19 2013	1368660979	1	80	81	80
Wed May 15 23:36:19 2013	1368660979	1	80	81	79
Wed May 15 23:36:19 2013	1368660979	1	80	81	80
Wed May 15 23:36:19 2013	1368660979	1	80	81	79
Wed May 15 23:36:19 2013	1368660979	1	80	81	80
Wed May 15 23:36:19 2013	1368660979	1	80	81	80
Wed May 15 23:36:19 2013	1368660979	1	80	81	80
Wed May 15 23:36:19 2013	1368660979	1	80	81	80
Wed May 15 23:36:19 2013	1368660979	1	80	81	80
Wed May 15 23:36:19 2013	1368660979	1	80	81	79
Wed May 15 23:36:19 2013	1368660979	1	80	81	80
Wed May 15 23:36:19 2013	1368660979	1	80	81	80
Wed May 15 23:36:19 2013	1368660979	2	80	81	80
Wed May 15 23:36:19 2013	1368660979	1	80	81	80
Wed May 15 23:36:19 2013	1368660979	1	80	81	80
Wed May 15 23:36:19 2013	1368660979	6	76	81	76
Wed May 15 23:36:19 2013	1368660979	1	81	82	80
Wed May 15 23:36:19 2013	1368660979	1	81	82	81
Wed May 15 23:36:19 2013	1368660979	1	81	82	80
Wed May 15 23:36:19 2013	1368660979	1	81	82	80
Wed May 15 23:36:19 2013	1368660979	1	81	82	81
Wed May 15 23:36:19 2013	1368660979	1	80	82	80
Wed May 15 23:36:19 2013	1368660979	1	80	82	80
Wed May 15 23:36:19 2013	1368660979	1	81	82	81
Wed May 15 23:36:19 2013	1368660979	1	80	82	80
Wed May 15 23:36:19 2013	1368660979	1	80	82	80
Wed May 15 23:36:19 2013	1368660979	1	81	82	80
Wed May 15 23:36:19 2013	1368660979	1	81	82	80
Wed May 15 23:36:19 2013	1368660979	1	81	82	81
Wed May 15 23:36:19 2013	1368660979	1	81	82	81
Wed May 15 23:36:19 2013	1368660979	1	81	82	81
Wed May 15 23:36:19 2013	1368660979	1	81	82	81
Wed May 15 23:36:19 2013	1368660979	1	81	82	81
Wed May 15 23:36:19 2013	1368660979	6	77	82	76
Wed May 15 23:36:19 2013	1368660979	1	81	82	81
Wed May 15 23:36:19 2013	1368660979	1	81	82	81
Wed May 15 23:36:19 2013	1368660979	1	81	82	81
Wed May 15 23:36:19 2013	1368660979	1	81	82	81
Wed May 15 23:36:19 2013	1368660979	1	81	82	81
Wed May 15 23:36:19 2013	1368660979	1	81	82	81
Wed May 15 23:36:19 2013	1368660979	1	81	82	81
Wed May 15 23:36:19 2013	1368660979	1	81	82	81
Wed May 15 23:36:19 2013	1368660979	1	81	82	81
Wed May 15 23:36:19 2013	1368660979	6	76	82	76
Wed May 15 23:36:19 2013	1368660979	1	81	82	81
Wed May 15 23:36:19 2013	1368660979	1	81	82	81
Wed May 15 23:36:19 2013	1368660979	1	82	82	82
Wed May 15 23:36:19 2013	1368660979	1	81	83	81
Wed May 15 23:36:19 2013	1368660979	1	81	83	81
Wed May 15 23:36:19 2013	1368660979	1	81	83	81
Wed May 15 23:36:19 2013	1368660979	1	82	83	82
Wed May 15 23:36:19 2013	1368660979	1	82	83	81
Wed May 15 23:36:19 2013	1368660979	1	82	83	82
Wed May 15 23:36:19 2013	1368660979	1	82	83	81
Wed May 15 23:36:19 2013	1368660979	6	77	83	77
Wed May 15 23:36:19 2013	1368660979	1	82	83	82
Wed May 15 23:36:19 2013	1368660979	1	82	83	81
Wed May 15 23:36:19 2013	1368660979	1	81	83	81
Wed May 15 23:36:19 2013	1368660979	1	82	83	82
Wed May 15 23:36:19 2013	1368660979	1	82	83	82
Wed May 15 23:36:19 2013	1368660979	1	81	83	81
Wed May 15 23:36:19 2013	1368660979	1	82	83	81
Wed May 15 23:36:19 2013	1368660979	1	81	83	81
Wed May 15 23:36:19 2013	1368660979	1	82	83	81
Wed May 15 23:36:19 2013	1368660979	1	82	83	82
Wed May 15 23:36:19 2013	1368660979	6	77	83	77
Wed May 15 23:36:19 2013	1368660979	1	82	83	81
Wed May 15 23:36:19 2013	1368660979	1	82	83	81
Wed May 15 23:36:19 2013	1368660979	1	82	83	81
Wed May 15 23:36:19 2013	1368660979	1	82	83	81
Wed May 15 23:36:19 2013	1368660979	1	82	83	82
Wed May 15 23:36:19 2013	1368660979	1	82	83	82
Wed May 15 23:36:19 2013	1368660979	1	82	83	82
Wed May 15 23:36:19 2013	1368660979	1	82	83	82
Wed May 15 23:36:19 2013	1368660979	1	82	83	82
Wed May 15 23:36:19 2013	1368660979	1	82	83	82
Wed May 15 23:36:19 2013	1368660979	1	82	83	82
Wed May 15 23:36:19 2013	1368660979	1	82	83	82
Wed May 15 23:36:19 2013	1368660979	1	82	83	82
Wed May 15 23:36:19 2013	1368660979	1	82	83	82
Wed May 15 23:36:19 2013	1368660979	1	82	83	82
Wed May 15 23:36:19 2013	1368660979	1	82	83	82
Wed May 15 23:36:19 2013	1368660979	1	82	83	81
Wed May 15 23:36:19 2013	1368660979	1	82	83	82
Wed May 15 23:36:19 2013	1368660979	1	82	83	82
Wed May 15 23:36:19 2013	1368660979	1	82	83	82
Wed May 15 23:36:19 2013	1368660979	1	82	83	82
Wed May 15 23:36:19 2013	1368660979	1	82	83	82
Wed May 15 23:36:19 2013	1368660979	1	82	83	82
Wed May 15 23:36:19 2013	1368660979	1	82	83	82
Wed May 15 23:36:19 2013	1368660979	1	82	83	82
Wed May 15 23:36:19 2013	1368660979	1	83	83	82
Wed May 15 23:36:19 2013	1368660979	1	82	83	82
Wed May 15 23:36:19 2013	1368660979	1	82	83	82
Wed May 15 23:36:19 2013	1368660979	1	82	83	82
Wed May 15 23:36:19 2013	1368660979	1	82	83	82
Wed May 15 23:36:19 2013	1368660979	1	83	84	82
Wed May 15 23:36:19 2013	1368660979	1	82	84	82
Wed May 15 23:36:19 2013	1368660979	1	83	84	82
Wed May 15 23:36:19 2013	1368660979	1	82	84	82
Wed May 15 23:36:19 2013	1368660979	1	82	84	82
Wed May 15 23:36:19 2013	1368660979	1	82	84	82
Wed May 15 23:36:19 2013	1368660979	1	82	84	82
Wed May 15 23:36:19 2013	1368660979	1	82	84	82
Wed May 15 23:36:19 2013	1368660979	1	82	84	82
Wed May 15 23:36:19 2013	1368660979	1	83	84	82
Wed May 15 23:36:19 2013	1368660979	1	82	84	82
Wed May 15 23:36:19 2013	1368660979	1	83	84	83
Wed May 15 23:36:19 2013	1368660979	1	82	84	82
Wed May 15 23:36:19 2013	1368660979	1	83	84	82
Wed May 15 23:36:19 2013	1368660979	1	82	84	82
Wed May 15 23:36:19 2013	1368660979	1	83	84	83
Wed May 15 23:36:19 2013	1368660979	1	83	84	82
Wed May 15 23:36:19 2013	1368660979	1	83	84	82
Wed May 15 23:36:19 2013	1368660979	1	83	84	83
Wed May 15 23:36:19 2013	1368660979	1	83	84	82
Wed May 15 23:36:19 2013	1368660979	1	83	84	82
Wed May 15 23:36:19 2013	1368660979	1	83	84	82
Wed May 15 23:36:19 2013	1368660979	1	82	84	82
Wed May 15 23:36:19 2013	1368660979	1	83	84	83
Wed May 15 23:36:19 2013	1368660979	1	82	84	82
Wed May 15 23:36:19 2013	1368660979	1	83	84	83
Wed May 15 23:36:19 2013	1368660979	1	83	84	83
Wed May 15 23:36:19 2013	1368660979	1	83	84	83
Wed May 15 23:36:19 2013	1368660979	1	83	84	83
Wed May 15 23:36:19 2013	1368660979	1	83	84	83
Wed May 15 23:36:19 2013	1368660979	1	83	84	83
Wed May 15 23:36:19 2013	1368660979	1	83	84	83
Wed May 15 23:36:19 2013	1368660979	1	83	84	83
Wed May 15 23:36:19 2013	1368660979	1	83	84	83
Wed May 15 23:36:19 2013	1368660979	1	83	84	82
Wed May 15 23:36:19 2013	1368660979	1	83	84	83
Wed May 15 23:36:19 2013	1368660979	1	83	84	83
Wed May 15 23:36:19 2013	1368660979	1	83	84	82
Wed May 15 23:36:19 2013	1368660979	1	83	84	82
Wed May 15 23:36:19 2013	1368660979	1	83	84	82
Wed May 15 23:36:19 2013	1368660979	1	83	84	83
Wed May 15 23:36:19 2013	1368660979	1	83	84	83
Wed May 15 23:36:19 2013	1368660979	1	83	84	82
Wed May 15 23:36:19 2013	1368660979	1	83	84	83
Wed May 15 23:36:19 2013	1368660979	1	83	84	83
Wed May 15 23:36:19 2013	1368660979	1	83	84	82
Wed May 15 23:36:19 2013	1368660979	1	83	84	83
Wed May 15 23:36:19 2013	1368660979	1	83	84	82
Wed May 15 23:36:19 2013	1368660979	1	83	84	83
Wed May 15 23:36:19 2013	1368660979	1	83	84	83
Wed May 15 23:36:19 2013	1368660979	1	83	84	83
Wed May 15 23:36:19 2013	1368660979	1	83	84	83
Wed May 15 23:36:19 2013	1368660979	1	83	84	83
Wed May 15 23:36:19 2013	1368660979	1	83	84	82
Wed May 15 23:36:19 2013	1368660979	1	83	84	83
Wed May 15 23:36:19 2013	1368660979	1	83	84	83
Wed May 15 23:36:19 2013	1368660979	1	83	84	83
Wed May 15 23:36:19 2013	1368660979	1	83	84	83
Wed May 15 23:36:19 2013	1368660979	1	83	84	83
Wed May 15 23:36:19 2013	1368660979	1	83	84	83
Wed May 15 23:36:19 2013	1368660979	1	83	84	83
Wed May 15 23:36:19 2013	1368660979	1	83	84	82
Wed May 15 23:36:19 2013	1368660979	1	83	84	83
Wed May 15 23:36:19 2013	1368660979	1	83	84	83
Wed May 15 23:36:19 2013	1368660979	1	83	84	83
Wed May 15 23:36:19 2013	1368660979	1	83	84	83
Wed May 15 23:36:19 2013	1368660979	1	83	84	83
Wed May 15 23:36:19 2013	1368660979	1	83	84	83
Wed May 15 23:36:19 2013	1368660979	1	83	84	83
Wed May 15 23:36:19 2013	1368660979	1	83	84	83
Wed May 15 23:36:19 2013	1368660979	1	83	84	83
Wed May 15 23:36:19 2013	1368660979	1	83	84	83
Wed May 15 23:36:19 2013	1368660979	1	84	85	83
Wed May 15 23:36:19 2013	1368660979	1	83	85	83
Wed May 15 23:36:19 2013	1368660979	1	84	85	84
Wed May 15 23:36:19 2013	1368660979	1	83	85	83
Wed May 15 23:36:19 2013	1368660979	1	84	85	84
Wed May 15 23:36:19 2013	1368660979	1	84	85	83
Wed May 15 23:36:19 2013	1368660979	1	84	85	84
Wed May 15 23:36:19 2013	1368660979	1	84	85	83
Wed May 15 23:36:19 2013	1368660979	1	84	85	84
Wed May 15 23:36:19 2013	1368660979	1	84	85	83
Wed May 15 23:36:19 2013	1368660979	1	84	85	84
Wed May 15 23:36:19 2013	1368660979	1	84	85	84
Wed May 15 23:36:19 2013	1368660979	1	84	85	83
Wed May 15 23:36:19 2013	1368660979	1	84	85	84
Wed May 15 23:36:19 2013	1368660979	1	84	85	84
Wed May 15 23:36:19 2013	1368660979	6	80	85	77
Wed May 15 23:36:19 2013	1368660979	1	84	85	84
Wed May 15 23:36:19 2013	1368660979	1	84	85	84
Wed May 15 23:36:19 2013	1368660979	1	84	85	83
Wed May 15 23:36:19 2013	1368660979	1	84	85	83
Wed May 15 23:36:19 2013	1368660979	1	84	85	83
Wed May 15 23:36:19 2013	1368660979	1	84	85	84
Wed May 15 23:36:19 2013	1368660979	1	84	85	84
Wed May 15 23:36:19 2013	1368660979	1	84	85	84
Wed May 15 23:36:19 2013	1368660979	1	84	85	83
Wed May 15 23:36:19 2013	1368660979	1	84	85	84
Wed May 15 23:36:19 2013	1368660979	1	84	85	84
Wed May 15 23:36:19 2013	1368660979	5	80	85	80
Wed May 15 23:36:19 2013	1368660979	1	84	85	84
Wed May 15 23:36:19 2013	1368660979	1	84	85	84
Wed May 15 23:36:19 2013	1368660979	1	84	85	84
Wed May 15 23:36:19 2013	1368660979	5	80	85	80
Wed May 15 23:36:19 2013	1368660979	1	84	85	84
Wed May 15 23:36:19 2013	1368660979	1	84	85	84
Wed May 15 23:36:19 2013	1368660979	1	84	86	84
Wed May 15 23:36:19 2013	1368660979	1	85	86	85
Wed May 15 23:36:19 2013	1368660979	1	85	86	85
Wed May 15 23:36:19 2013	1368660979	1	85	86	85
Wed May 15 23:36:19 2013	1368660979	5	81	86	81
Wed May 15 23:36:19 2013	1368660979	6	80	86	80
Wed May 15 23:36:19 2013	1368660979	1	85	86	85
Wed May 15 23:36:19 2013	1368660979	1	85	86	85
Wed May 15 23:36:19 2013	1368660979	1	86	87	85
Wed May 15 23:36:19 2013	1368660979	6	81	87	81
Wed May 15 23:36:19 2013	1368660979	1	86	87	84
Wed May 15 23:36:19 2013	1368660979	1	86	87	83
Wed May 15 23:36:19 2013	1368660979	5	82	87	81
Wed May 15 23:36:19 2013	1368660979	5	83	88	83
Wed May 15 23:36:19 2013	1368660979	6	82	88	82
Wed May 15 23:36:19 2013	1368660979	5	83	89	83
Wed May 15 23:36:19 2013	1368660979	5	84	89	83
Wed May 15 23:36:19 2013	1368660979	5	84	89	84
Wed May 15 23:36:19 2013	1368660979	6	84	90	84
Wed May 15 23:36:19 2013	1368660979	5	85	91	85
Wed May 15 23:36:19 2013	1368660979	6	85	91	85
Wed May 15 23:36:19 2013	1368660979	5	86	91	86
Wed May 15 23:36:19 2013	1368660979	5	87	92	87
Wed May 15 23:36:19 2013	1368660979	5	87	92	86
Wed May 15 23:36:19 2013	1368660979	5	88	93	87
Wed May 15 23:36:19 2013	1368660979	5	88	93	87
Wed May 15 23:36:19 2013	1368660979	5	91	96	91
Wed May 15 23:36:19 2013	1368660979	5	91	96	91
Wed May 15 23:36:19 2013	1368660979	5	94	99	94
Wed May 15 23:36:19 2013	1368660979	5	94	99	93
Wed May 15 23:36:19 2013	1368660979	5	94	100	94
Wed May 15 23:36:19 2013	1368660979	5	95	100	94
Wed May 15 23:36:19 2013	1368660979	5	95	100	95
Wed May 15 23:36:19 2013	1368660979	1	99	100	99
Wed May 15 23:36:19 2013	1368660979	1	99	100	98
Wed May 15 23:36:19 2013	1368660979	5	95	100	95
Wed May 15 23:36:19 2013	1368660979	5	96	101	96
Wed May 15 23:36:19 2013	1368660979	4	97	101	97
Wed May 15 23:36:19 2013	1368660979	5	97	102	96
Wed May 15 23:36:19 2013	1368660979	1	101	102	101
Wed May 15 23:36:19 2013	1368660979	5	97	102	97
Wed May 15 23:36:19 2013	1368660979	1	101	102	101
Wed May 15 23:36:19 2013	1368660979	1	101	102	101
Wed May 15 23:36:19 2013	1368660979	1	101	102	101
Wed May 15 23:36:19 2013	1368660979	4	98	102	98
Wed May 15 23:36:19 2013	1368660979	1	101	102	101
Wed May 15 23:36:19 2013	1368660979	1	102	102	101
Wed May 15 23:36:19 2013	1368660979	1	102	102	101
Wed May 15 23:36:19 2013	1368660979	1	101	102	101
Wed May 15 23:36:19 2013	1368660979	1	101	102	101
Wed May 15 23:36:19 2013	1368660979	1	101	103	101
Wed May 15 23:36:19 2013	1368660979	1	102	103	101
Wed May 15 23:36:19 2013	1368660979	1	102	103	101
Wed May 15 23:36:19 2013	1368660979	1	102	103	101
Wed May 15 23:36:19 2013	1368660979	1	102	103	102
Wed May 15 23:36:19 2013	1368660979	1	102	103	102
Wed May 15 23:36:19 2013	1368660979	1	102	103	101
Wed May 15 23:36:19 2013	1368660979	1	102	103	102
Wed May 15 23:36:19 2013	1368660979	1	102	103	101
Wed May 15 23:36:19 2013	1368660979	1	102	103	102
Wed May 15 23:36:19 2013	1368660979	1	102	103	102
Wed May 15 23:36:19 2013	1368660979	5	98	103	98
Wed May 15 23:36:19 2013	1368660979	1	102	103	102
Wed May 15 23:36:19 2013	1368660979	1	102	103	102
Wed May 15 23:36:19 2013	1368660979	1	102	103	102
Wed May 15 23:36:19 2013	1368660979	1	102	103	102
Wed May 15 23:36:19 2013	1368660979	1	102	103	102
Wed May 15 23:36:19 2013	1368660979	1	102	103	102
Wed May 15 23:36:19 2013	1368660979	1	102	103	102
Wed May 15 23:36:19 2013	1368660979	1	102	103	102
Wed May 15 23:36:19 2013	1368660979	1	102	103	102
Wed May 15 23:36:19 2013	1368660979	1	102	103	102
Wed May 15 23:36:19 2013	1368660979	1	102	103	102
Wed May 15 23:36:19 2013	1368660979	1	102	103	102
Wed May 15 23:36:19 2013	1368660979	1	103	104	101
Wed May 15 23:36:19 2013	1368660979	5	99	104	99
Wed May 15 23:36:19 2013	1368660979	5	99	104	99
Wed May 15 23:36:19 2013	1368660979	1	103	104	103
Wed May 15 23:36:19 2013	1368660979	4	100	104	100
Wed May 15 23:36:19 2013	1368660979	5	100	105	100
Wed May 15 23:36:19 2013	1368660979	4	101	105	101
Wed May 15 23:36:19 2013	1368660979	5	101	106	100
Wed May 15 23:36:19 2013	1368660979	1	104	106	104
Wed May 15 23:36:19 2013	1368660979	5	101	106	101
Wed May 15 23:36:19 2013	1368660979	1	105	106	105
Wed May 15 23:36:19 2013	1368660979	4	102	107	102
Wed May 15 23:36:19 2013	1368660979	1	106	107	105
Wed May 15 23:36:19 2013	1368660979	1	105	107	105
Wed May 15 23:36:19 2013	1368660979	1	106	107	106
Wed May 15 23:36:19 2013	1368660979	1	106	107	106
Wed May 15 23:36:19 2013	1368660979	1	106	107	106
Wed May 15 23:36:19 2013	1368660979	1	106	107	106
Wed May 15 23:36:19 2013	1368660979	1	106	107	105
Wed May 15 23:36:19 2013	1368660979	1	106	107	106
Wed May 15 23:36:19 2013	1368660979	4	103	107	102
Wed May 15 23:36:19 2013	1368660979	1	105	107	105
Wed May 15 23:36:19 2013	1368660979	1	106	107	106
Wed May 15 23:36:19 2013	1368660979	1	106	107	106
Wed May 15 23:36:19 2013	1368660979	1	106	107	106
Wed May 15 23:36:19 2013	1368660979	1	106	107	106
Wed May 15 23:36:19 2013	1368660979	1	106	107	106
Wed May 15 23:36:19 2013	1368660979	1	106	107	106
Wed May 15 23:36:19 2013	1368660979	1	106	107	106
Wed May 15 23:36:19 2013	1368660979	1	106	107	106
Wed May 15 23:36:19 2013	1368660979	1	106	107	106
Wed May 15 23:36:19 2013	1368660979	4	103	107	103
Wed May 15 23:36:19 2013	1368660979	1	106	107	106
Wed May 15 23:36:19 2013	1368660979	1	107	107	106
Wed May 15 23:36:19 2013	1368660979	1	106	107	106
Wed May 15 23:36:19 2013	1368660979	1	106	107	106
Wed May 15 23:36:19 2013	1368660979	1	106	107	106
Wed May 15 23:36:19 2013	1368660979	1	107	108	106
Wed May 15 23:36:19 2013	1368660979	1	106	108	106
Wed May 15 23:36:19 2013	1368660979	1	106	108	106
Wed May 15 23:36:19 2013	1368660979	1	107	108	106
Wed May 15 23:36:19 2013	1368660979	1	107	108	106
Wed May 15 23:36:19 2013	1368660979	1	107	108	106
Wed May 15 23:36:19 2013	1368660979	1	107	108	107
Wed May 15 23:36:19 2013	1368660979	1	107	108	107
Wed May 15 23:36:19 2013	1368660979	1	107	108	106
Wed May 15 23:36:19 2013	1368660979	1	107	108	106
Wed May 15 23:36:19 2013	1368660979	1	107	108	106
Wed May 15 23:36:19 2013	1368660979	1	107	108	107
Wed May 15 23:36:19 2013	1368660979	1	107	108	107
Wed May 15 23:36:19 2013	1368660979	4	104	108	104
Wed May 15 23:36:19 2013	1368660979	1	107	108	107
Wed May 15 23:36:19 2013	1368660979	1	106	108	106
Wed May 15 23:36:19 2013	1368660979	1	107	108	107
Wed May 15 23:36:19 2013	1368660979	1	107	108	107
Wed May 15 23:36:19 2013	1368660979	1	107	108	107
Wed May 15 23:36:19 2013	1368660979	1	108	108	107
Wed May 15 23:36:19 2013	1368660979	1	108	108	107
Wed May 15 23:36:19 2013	1368660979	1	107	108	107
Wed May 15 23:36:19 2013	1368660979	4	104	108	104
Wed May 15 23:36:19 2013	1368660979	4	104	108	104
Wed May 15 23:36:19 2013	1368660979	1	108	108	107
Wed May 15 23:36:19 2013	1368660979	1	107	109	107
Wed May 15 23:36:19 2013	1368660979	1	108	109	107
Wed May 15 23:36:19 2013	1368660979	1	108	109	107
Wed May 15 23:36:19 2013	1368660979	1	108	109	107
Wed May 15 23:36:19 2013	1368660979	1	108	109	107
Wed May 15 23:36:19 2013	1368660979	1	108	109	108
Wed May 15 23:36:19 2013	1368660979	1	108	109	108
Wed May 15 23:36:19 2013	1368660979	1	108	109	107
Wed May 15 23:36:19 2013	1368660979	1	108	109	108
Wed May 15 23:36:19 2013	1368660979	1	108	109	108
Wed May 15 23:36:19 2013	1368660979	4	105	109	105
Wed May 15 23:36:19 2013	1368660979	1	108	109	107
Wed May 15 23:36:19 2013	1368660979	1	108	109	108
Wed May 15 23:36:19 2013	1368660979	1	108	109	108
Wed May 15 23:36:19 2013	1368660979	4	105	109	105
Wed May 15 23:36:19 2013	1368660979	1	108	109	108
Wed May 15 23:36:19 2013	1368660979	1	108	109	108
Wed May 15 23:36:19 2013	1368660979	1	109	110	106
Wed May 15 23:36:19 2013	1368660979	4	106	110	105
Wed May 15 23:36:19 2013	1368660979	1	109	110	107
Wed May 15 23:36:19 2013	1368660979	4	106	111	106
Wed May 15 23:36:19 2013	1368660979	4	107	111	107
Wed May 15 23:36:19 2013	1368660979	4	107	112	107
Wed May 15 23:36:19 2013	1368660979	4	108	112	107
Wed May 15 23:36:19 2013	1368660979	4	109	113	108
Wed May 15 23:36:19 2013	1368660979	4	112	116	112
Wed May 15 23:36:19 2013	1368660979	4	113	116	112
